First Name,Last Name,Mailing Address,Mailing City,Mailing State,Mailing Zip,Property Address,Property City,Property State,Property Zip
,Jones Reuben A 2005 Family Trust,7331 Rourke Cir,Memphis,TN,38125,5707Cougar,Austin,TX,78745
,Zella Investments Llc,17355 Village Green Dr,Jersey Village,TX,77040,13610 Hunters,,TX,
Rowena,Kendall,The Reuben A Jones 2001 7331 Rourke Cir,Memphis,TN,38125,1133 Wrundberg,,TX,
,Breckenridge Property Fund 2016 Llc,2015 Manhattan Beach Blvd,Ste 100 Redondo Beach,CA,90278,2718 Space,Bend,TX,
,Reuben A Jones 2005 Family Trust,7331 Rourke Cir,Memphis,TN,38125,9118Sedgemoor,,TX,
Theresa,Villarreal,Dora Rivera & Gracie Villarreal 3511 Gonzales St,Austin,TX,78702,2922Castro,,TX,
,Garland Wayne Savage Trust,Ste C-200 #132 14900 Avery Ranch Blvd,Austin,TX,78717,5500Hudson,,TX,
Cynthia,Streicher-Cosentino,710 Quail Run Rd,Pflugerville,TX,78660,710 Quail Run,Pflugerville,TX,78660
Farms,Berdoll,Homeowners Association Inc 17319 San Pedro Ste 318 % Spectrum Association Mgt San,Antonio,TX,78232,13016 Lipton,Loop,TX,
Javier,Gomez,Av Ninos Heroes #2535 44100-44999 Guadalajara Jalisco Jardines Del,Bosque,NU,,4052Outpost,Trace,TX,
Eddie,James,14601 Alps Dr,Del Valle,TX,78617,14601 Alps,Del Valle,TX,78617
Dennis,Scott,% Judy Rodgers 1629 W Hunt St,Mckinney,TX,75069,20452 Adobe,,TX,
